-- Default UUIDs for Demo Data
-- Taste of Village Brand: e3b0c442-989b-464c-8656-000000000001
-- Falooda & Co Brand: e3b0c442-989b-464c-8656-000000000003
-- Taste of Village Store: 00000000-0000-0000-0000-000000000000
-- Falooda & Co Store: f4100da2-1111-1111-1111-000000000001

INSERT INTO brands (id, name, website_url) VALUES 
('e3b0c442-989b-464c-8656-000000000001', 'Taste of Village', 'https://tasteofvillage.co.uk'),
('e3b0c442-989b-464c-8656-000000000002', 'Azmoz', 'https://azmoz.co.uk'),
('e3b0c442-989b-464c-8656-000000000003', 'Falooda & Co', 'https://faloodaandco.co.uk')
ON CONFLICT DO NOTHING;

INSERT INTO stores (id, brand_id, name, address) VALUES 
('00000000-0000-0000-0000-000000000000', 'e3b0c442-989b-464c-8656-000000000001', 'Hayes Branch', '123 Hayes Street'),
('11111111-1111-1111-1111-111111111111', 'e3b0c442-989b-464c-8656-000000000002', 'Dark Kitchen', '456 Dark Kitchen Road'),
('f4100da2-1111-1111-1111-000000000001', 'e3b0c442-989b-464c-8656-000000000003', 'Falooda & Co Main', '268 Farnham Road, Slough, Berkshire, SL1 4XL')
ON CONFLICT DO NOTHING;

INSERT INTO price_levels (id, name) VALUES 
(1, 'Dine-In'),
(2, 'UberEats'),
(3, 'Deliveroo'),
(4, 'Web')
ON CONFLICT DO NOTHING;

-- Products
INSERT INTO products (id, brand_id, name, category) VALUES 
('43ab0915-5b44-44e7-a3f9-ec8833343cfc', 'e3b0c442-989b-464c-8656-000000000003', 'THE ROYAL HERITAGE', 'Dessert'),
('9d9a1d1e-1bf3-4171-8453-a950b87ff9c7', 'e3b0c442-989b-464c-8656-000000000003', 'THE GOLDEN MONSOON', 'Dessert'),
('0f1b6580-69a3-467a-8a4a-c9d1c9802713', 'e3b0c442-989b-464c-8656-000000000003', 'THE SALTED SUNSET', 'Dessert'),
('dfdcb324-72a2-41e3-9111-0222a83f055b', 'e3b0c442-989b-464c-8656-000000000003', 'PISTACHIO ROYALE FALOODA', 'Dessert'),
('e1a23f11-38dc-4657-94e1-fd2b284dee01', 'e3b0c442-989b-464c-8656-000000000003', 'ROSE FALOODA', 'Dessert'),
('bb3c6e74-1b84-4084-86ca-6b110037ef27', 'e3b0c442-989b-464c-8656-000000000003', 'ORANGE GLOW', 'Drinks'),
('67bff3da-0145-4a23-a775-7eb9e891bbe3', 'e3b0c442-989b-464c-8656-000000000003', 'POMEGRANATE POWER', 'Drinks'),
('6867edb5-9627-418c-978d-855d8af7ad77', 'e3b0c442-989b-464c-8656-000000000003', 'CARROT CRUSH', 'Drinks'),
('a11421aa-db8a-4e0f-baee-3065c7134938', 'e3b0c442-989b-464c-8656-000000000003', 'PINEAPPLE POP', 'Drinks'),
('c2365342-36eb-4af5-b7e1-149232608e46', 'e3b0c442-989b-464c-8656-000000000003', 'WATERMELON WAVE', 'Drinks'),
('41b3582c-f1e0-48aa-9c43-cef5b93e4d12', 'e3b0c442-989b-464c-8656-000000000003', 'SUGARCANE CHILL', 'Drinks'),
('5950d36c-d7c0-42a2-ba32-038069504380', 'e3b0c442-989b-464c-8656-000000000003', 'VITAMIN C VIBES', 'Drinks'),
('7e0ac964-3e3b-423f-bd27-a8891bb3e724', 'e3b0c442-989b-464c-8656-000000000003', 'CITRUS CHARGE', 'Drinks'),
('460e84fa-ded8-4999-9968-9ebb0b522373', 'e3b0c442-989b-464c-8656-000000000003', 'RUBY RUSH', 'Drinks'),
('b922d9a9-ae64-45b5-8848-b5ad20713891', 'e3b0c442-989b-464c-8656-000000000003', 'TROPICAL MOOD', 'Drinks'),
('2fa6d9dc-2c90-424c-8b99-8d6822d4cec9', 'e3b0c442-989b-464c-8656-000000000003', 'POWER POTION', 'Drinks'),
('ea7702c4-5569-47a6-b2f5-71cf316d3a36', 'e3b0c442-989b-464c-8656-000000000003', 'GREEN SHOT', 'Drinks'),
('b29e9c6e-c226-4982-889d-b1d671b51499', 'e3b0c442-989b-464c-8656-000000000003', 'TURMERIC SHOT', 'Drinks'),
('911b6fb6-b2e5-46c6-a50a-1e5f9c886340', 'e3b0c442-989b-464c-8656-000000000003', 'GINGER SHOT', 'Drinks'),
('101001b7-17a3-49ea-8f79-857b65eca160', 'e3b0c442-989b-464c-8656-000000000003', 'IMMUNE BOOSTER', 'Drinks'),
('85ba0330-d665-408d-8329-cfaa1127e43c', 'e3b0c442-989b-464c-8656-000000000003', 'MINT MARGARITA', 'Drinks'),
('3df7a75d-df69-46f7-b8b0-51b80ecbaaad', 'e3b0c442-989b-464c-8656-000000000003', 'LEMON SODA', 'Drinks'),
('832958ca-b417-4ade-b140-784f0c4200a0', 'e3b0c442-989b-464c-8656-000000000003', 'BLUE LAGOON', 'Drinks'),
('565df824-b064-46c6-8786-873f8591f314', 'e3b0c442-989b-464c-8656-000000000003', 'VIRGIN MOJITO', 'Drinks'),
('066778b5-2ee1-447a-aa98-4cf06cfff89c', 'e3b0c442-989b-464c-8656-000000000003', 'STRAWBERRY LEMONADE', 'Drinks'),
('9ed3f285-199d-4b3f-b2b4-f6d1c244ce57', 'e3b0c442-989b-464c-8656-000000000003', 'PASSION FRUIT', 'Drinks'),
('acaae878-0eec-430d-bc2c-6260dc35d859', 'e3b0c442-989b-464c-8656-000000000003', 'KADAK CHAI', 'Drinks'),
('6caf1d94-7947-432f-a28a-d8a5a4ab685d', 'e3b0c442-989b-464c-8656-000000000003', 'AMERICANO', 'Drinks'),
('b971becc-558d-48cb-b9b7-bdb5db1bfb03', 'e3b0c442-989b-464c-8656-000000000003', 'LATTE', 'Drinks'),
('0172a050-30cc-4de5-b34a-7e6ce29902cd', 'e3b0c442-989b-464c-8656-000000000003', 'CAPPUCCINO', 'Drinks'),
('4a7cadf8-9065-4cc0-9a6a-479578512349', 'e3b0c442-989b-464c-8656-000000000003', 'MOCHA', 'Drinks'),
('af9edf60-26b7-4531-8284-3e07cfba65c1', 'e3b0c442-989b-464c-8656-000000000003', 'HOT CHOCOLATE', 'Drinks'),
('318d8063-ce71-45fc-a714-ed6990931017', 'e3b0c442-989b-464c-8656-000000000003', 'OREO SHAKE', 'Drinks'),
('17b8b93b-ee4e-411e-9e89-30599136ffea', 'e3b0c442-989b-464c-8656-000000000003', 'BISCOFF SHAKE', 'Drinks'),
('d34881ae-4627-4ce1-9e6a-ebceb4776c4d', 'e3b0c442-989b-464c-8656-000000000003', 'CHOCOLATE SHAKE', 'Drinks'),
('8b444620-dccb-458a-af81-f7e4fe9f9e45', 'e3b0c442-989b-464c-8656-000000000003', 'STRAWBERRY SHAKE', 'Drinks'),
('d61a1fe5-75a9-4694-8973-2d53f3fcbf38', 'e3b0c442-989b-464c-8656-000000000003', 'PAKISTANI MANGO SHAKE', 'Drinks'),
('5747264f-391c-4642-8703-1d84335e39c5', 'e3b0c442-989b-464c-8656-000000000003', 'Mixed Chaat', 'Grill'),
('628234f0-83d2-4fc2-9132-b3bdcc6ab151', 'e3b0c442-989b-464c-8656-000000000003', 'Dahi Bhalla', 'Grill'),
('0b3c93fe-4abb-4582-b1c3-06ce14cfbfa7', 'e3b0c442-989b-464c-8656-000000000003', 'Samosa Chaat', 'Grill'),
('eedc3726-2a26-4488-b670-f456c8613336', 'e3b0c442-989b-464c-8656-000000000003', 'Fruit Chaat', 'Grill'),
('21d6a825-864a-44dc-a212-ea1387f12b42', 'e3b0c442-989b-464c-8656-000000000003', 'Aloo Tikki Chaat', 'Grill'),
('41de66c7-254a-418e-b76d-4d2b2eb0bf37', 'e3b0c442-989b-464c-8656-000000000003', 'Papdi Chaat', 'Grill'),
('577f8aec-69b5-46e6-9d6a-c0b2ef570492', 'e3b0c442-989b-464c-8656-000000000003', 'Falooda & Co Special Chaat', 'Grill'),
('a19a9aad-6896-4d8c-9c61-b46a502cf6a0', 'e3b0c442-989b-464c-8656-000000000003', 'Cheesy Bun Kebab', 'Grill'),
('bbd9abc0-80e1-4bf5-a76a-dd2e5a331dab', 'e3b0c442-989b-464c-8656-000000000003', 'Shawarma Platter', 'Grill'),
('e0171af1-83c7-4ec4-b7f4-7eeb3360a4f5', 'e3b0c442-989b-464c-8656-000000000003', 'Plain Fries', 'Grill'),
('498af36f-4f4c-4937-ae6e-8269e20335d7', 'e3b0c442-989b-464c-8656-000000000003', 'Masala Fries', 'Grill'),
('d04a63a2-8fef-4f6f-8ff7-3e2c8ee97f0d', 'e3b0c442-989b-464c-8656-000000000003', 'Desi Breakfast Platter', 'Grill'),
('56f241eb-ee59-40cd-8d62-c9eb93014e86', 'e3b0c442-989b-464c-8656-000000000003', 'Gulab Jamun', 'Dessert'),
('66c0fc92-7e3b-4db9-b3ce-768bca8624fd', 'e3b0c442-989b-464c-8656-000000000003', 'Gajar Ka Halwa', 'Dessert'),
('13162825-72ed-4ee2-b881-455597ff6438', 'e3b0c442-989b-464c-8656-000000000003', 'Caramel Mocha Cake', 'Dessert'),
('d1dfa84d-102e-4452-8e99-d2ea12db627d', 'e3b0c442-989b-464c-8656-000000000003', 'Nutella Cake', 'Dessert'),
('5ff0aded-4eec-46ee-aee7-7e8abd812c88', 'e3b0c442-989b-464c-8656-000000000003', 'Nutty Fudge Cake', 'Dessert'),
('57451902-72ba-4efc-922a-cf31048668de', 'e3b0c442-989b-464c-8656-000000000003', 'Seasonal Fruit Cake', 'Dessert'),
('a6b32594-1a9a-425c-93c7-e1bc32cfff64', 'e3b0c442-989b-464c-8656-000000000003', 'Lotus Cheesecake', 'Dessert'),
('004805c6-ecc0-4284-829d-5229cd22403b', 'e3b0c442-989b-464c-8656-000000000003', 'Nutella Banana Loaf', 'Dessert'),
('24d5304c-354f-46e5-ad4b-b83f5e74ee29', 'e3b0c442-989b-464c-8656-000000000003', 'Chocolate Volcano Delight', 'Dessert'),
('7ac85a33-c6c7-485e-9fa9-177516ed1555', 'e3b0c442-989b-464c-8656-000000000003', 'Peanut Butter Indulgence', 'Dessert'),
('a089a105-d0c4-41d3-9b7d-b0c939c6931c', 'e3b0c442-989b-464c-8656-000000000003', 'San Sebastian Cheesecake', 'Dessert'),
('147fd108-62a4-430f-8ac2-87b071c3d3d6', 'e3b0c442-989b-464c-8656-000000000003', 'Molten Lava', 'Dessert'),
('ac7a31d3-b5dc-4e1c-9d62-f724cf6aab94', 'e3b0c442-989b-464c-8656-000000000003', 'Chocolate Chip Cookie Dough', 'Dessert'),
('2de60607-91f2-462c-a48c-66e1087e38c7', 'e3b0c442-989b-464c-8656-000000000003', 'Lotus Biscoff Cookie Dough', 'Dessert'),
('8bac01d7-a24c-48f1-be9d-960b17db64a6', 'e3b0c442-989b-464c-8656-000000000003', 'Chocolate Melt Cookie Dough', 'Dessert')
ON CONFLICT DO NOTHING;

INSERT INTO product_prices (product_id, store_id, price_level_id, price_amount) VALUES 
('43ab0915-5b44-44e7-a3f9-ec8833343cfc', 'f4100da2-1111-1111-1111-000000000001', 1, 6.99),
('9d9a1d1e-1bf3-4171-8453-a950b87ff9c7', 'f4100da2-1111-1111-1111-000000000001', 1, 6.99),
('0f1b6580-69a3-467a-8a4a-c9d1c9802713', 'f4100da2-1111-1111-1111-000000000001', 1, 6.99),
('dfdcb324-72a2-41e3-9111-0222a83f055b', 'f4100da2-1111-1111-1111-000000000001', 1, 7.49),
('e1a23f11-38dc-4657-94e1-fd2b284dee01', 'f4100da2-1111-1111-1111-000000000001', 1, 5.49),
('bb3c6e74-1b84-4084-86ca-6b110037ef27', 'f4100da2-1111-1111-1111-000000000001', 1, 5.99),
('67bff3da-0145-4a23-a775-7eb9e891bbe3', 'f4100da2-1111-1111-1111-000000000001', 1, 8.5),
('6867edb5-9627-418c-978d-855d8af7ad77', 'f4100da2-1111-1111-1111-000000000001', 1, 5.49),
('a11421aa-db8a-4e0f-baee-3065c7134938', 'f4100da2-1111-1111-1111-000000000001', 1, 6.49),
('c2365342-36eb-4af5-b7e1-149232608e46', 'f4100da2-1111-1111-1111-000000000001', 1, 6.49),
('41b3582c-f1e0-48aa-9c43-cef5b93e4d12', 'f4100da2-1111-1111-1111-000000000001', 1, 5.99),
('5950d36c-d7c0-42a2-ba32-038069504380', 'f4100da2-1111-1111-1111-000000000001', 1, 6.49),
('7e0ac964-3e3b-423f-bd27-a8891bb3e724', 'f4100da2-1111-1111-1111-000000000001', 1, 6.49),
('460e84fa-ded8-4999-9968-9ebb0b522373', 'f4100da2-1111-1111-1111-000000000001', 1, 7.99),
('b922d9a9-ae64-45b5-8848-b5ad20713891', 'f4100da2-1111-1111-1111-000000000001', 1, 6.99),
('2fa6d9dc-2c90-424c-8b99-8d6822d4cec9', 'f4100da2-1111-1111-1111-000000000001', 1, 7.99),
('ea7702c4-5569-47a6-b2f5-71cf316d3a36', 'f4100da2-1111-1111-1111-000000000001', 1, 3.49),
('b29e9c6e-c226-4982-889d-b1d671b51499', 'f4100da2-1111-1111-1111-000000000001', 1, 3.49),
('911b6fb6-b2e5-46c6-a50a-1e5f9c886340', 'f4100da2-1111-1111-1111-000000000001', 1, 3.49),
('101001b7-17a3-49ea-8f79-857b65eca160', 'f4100da2-1111-1111-1111-000000000001', 1, 3.49),
('85ba0330-d665-408d-8329-cfaa1127e43c', 'f4100da2-1111-1111-1111-000000000001', 1, 5.99),
('3df7a75d-df69-46f7-b8b0-51b80ecbaaad', 'f4100da2-1111-1111-1111-000000000001', 1, 4.99),
('832958ca-b417-4ade-b140-784f0c4200a0', 'f4100da2-1111-1111-1111-000000000001', 1, 6.49),
('565df824-b064-46c6-8786-873f8591f314', 'f4100da2-1111-1111-1111-000000000001', 1, 5.99),
('066778b5-2ee1-447a-aa98-4cf06cfff89c', 'f4100da2-1111-1111-1111-000000000001', 1, 6.49),
('9ed3f285-199d-4b3f-b2b4-f6d1c244ce57', 'f4100da2-1111-1111-1111-000000000001', 1, 6.49),
('acaae878-0eec-430d-bc2c-6260dc35d859', 'f4100da2-1111-1111-1111-000000000001', 1, 2.75),
('6caf1d94-7947-432f-a28a-d8a5a4ab685d', 'f4100da2-1111-1111-1111-000000000001', 1, 3.25),
('b971becc-558d-48cb-b9b7-bdb5db1bfb03', 'f4100da2-1111-1111-1111-000000000001', 1, 3.95),
('0172a050-30cc-4de5-b34a-7e6ce29902cd', 'f4100da2-1111-1111-1111-000000000001', 1, 3.95),
('4a7cadf8-9065-4cc0-9a6a-479578512349', 'f4100da2-1111-1111-1111-000000000001', 1, 5.1),
('af9edf60-26b7-4531-8284-3e07cfba65c1', 'f4100da2-1111-1111-1111-000000000001', 1, 4.35),
('318d8063-ce71-45fc-a714-ed6990931017', 'f4100da2-1111-1111-1111-000000000001', 1, 6.49),
('17b8b93b-ee4e-411e-9e89-30599136ffea', 'f4100da2-1111-1111-1111-000000000001', 1, 6.49),
('d34881ae-4627-4ce1-9e6a-ebceb4776c4d', 'f4100da2-1111-1111-1111-000000000001', 1, 6.49),
('8b444620-dccb-458a-af81-f7e4fe9f9e45', 'f4100da2-1111-1111-1111-000000000001', 1, 6.49),
('d61a1fe5-75a9-4694-8973-2d53f3fcbf38', 'f4100da2-1111-1111-1111-000000000001', 1, 6.99),
('5747264f-391c-4642-8703-1d84335e39c5', 'f4100da2-1111-1111-1111-000000000001', 1, 6.49),
('628234f0-83d2-4fc2-9132-b3bdcc6ab151', 'f4100da2-1111-1111-1111-000000000001', 1, 5.99),
('0b3c93fe-4abb-4582-b1c3-06ce14cfbfa7', 'f4100da2-1111-1111-1111-000000000001', 1, 6.49),
('eedc3726-2a26-4488-b670-f456c8613336', 'f4100da2-1111-1111-1111-000000000001', 1, 6.99),
('21d6a825-864a-44dc-a212-ea1387f12b42', 'f4100da2-1111-1111-1111-000000000001', 1, 5.99),
('41de66c7-254a-418e-b76d-4d2b2eb0bf37', 'f4100da2-1111-1111-1111-000000000001', 1, 6.49),
('577f8aec-69b5-46e6-9d6a-c0b2ef570492', 'f4100da2-1111-1111-1111-000000000001', 1, 8.49),
('a19a9aad-6896-4d8c-9c61-b46a502cf6a0', 'f4100da2-1111-1111-1111-000000000001', 1, 6.49),
('bbd9abc0-80e1-4bf5-a76a-dd2e5a331dab', 'f4100da2-1111-1111-1111-000000000001', 1, 8.49),
('e0171af1-83c7-4ec4-b7f4-7eeb3360a4f5', 'f4100da2-1111-1111-1111-000000000001', 1, 3.99),
('498af36f-4f4c-4937-ae6e-8269e20335d7', 'f4100da2-1111-1111-1111-000000000001', 1, 4.99),
('d04a63a2-8fef-4f6f-8ff7-3e2c8ee97f0d', 'f4100da2-1111-1111-1111-000000000001', 1, 5.99),
('56f241eb-ee59-40cd-8d62-c9eb93014e86', 'f4100da2-1111-1111-1111-000000000001', 1, 3),
('66c0fc92-7e3b-4db9-b3ce-768bca8624fd', 'f4100da2-1111-1111-1111-000000000001', 1, 5.99),
('13162825-72ed-4ee2-b881-455597ff6438', 'f4100da2-1111-1111-1111-000000000001', 1, 6.1),
('d1dfa84d-102e-4452-8e99-d2ea12db627d', 'f4100da2-1111-1111-1111-000000000001', 1, 6.49),
('5ff0aded-4eec-46ee-aee7-7e8abd812c88', 'f4100da2-1111-1111-1111-000000000001', 1, 6.4),
('57451902-72ba-4efc-922a-cf31048668de', 'f4100da2-1111-1111-1111-000000000001', 1, 6),
('a6b32594-1a9a-425c-93c7-e1bc32cfff64', 'f4100da2-1111-1111-1111-000000000001', 1, 5.5),
('004805c6-ecc0-4284-829d-5229cd22403b', 'f4100da2-1111-1111-1111-000000000001', 1, 4.49),
('24d5304c-354f-46e5-ad4b-b83f5e74ee29', 'f4100da2-1111-1111-1111-000000000001', 1, 9.99),
('7ac85a33-c6c7-485e-9fa9-177516ed1555', 'f4100da2-1111-1111-1111-000000000001', 1, 8.49),
('a089a105-d0c4-41d3-9b7d-b0c939c6931c', 'f4100da2-1111-1111-1111-000000000001', 1, 9.49),
('147fd108-62a4-430f-8ac2-87b071c3d3d6', 'f4100da2-1111-1111-1111-000000000001', 1, 7.49),
('ac7a31d3-b5dc-4e1c-9d62-f724cf6aab94', 'f4100da2-1111-1111-1111-000000000001', 1, 6.75),
('2de60607-91f2-462c-a48c-66e1087e38c7', 'f4100da2-1111-1111-1111-000000000001', 1, 6.75),
('8bac01d7-a24c-48f1-be9d-960b17db64a6', 'f4100da2-1111-1111-1111-000000000001', 1, 7.2)
ON CONFLICT DO NOTHING;

-- Tables
INSERT INTO tables (store_id, table_number, is_active) VALUES
('f4100da2-1111-1111-1111-000000000001', 1, true),
('f4100da2-1111-1111-1111-000000000001', 2, true),
('f4100da2-1111-1111-1111-000000000001', 3, true),
('f4100da2-1111-1111-1111-000000000001', 4, true),
('f4100da2-1111-1111-1111-000000000001', 5, true),
('f4100da2-1111-1111-1111-000000000001', 6, true),
('f4100da2-1111-1111-1111-000000000001', 7, true),
('f4100da2-1111-1111-1111-000000000001', 8, true),
('f4100da2-1111-1111-1111-000000000001', 9, true),
('f4100da2-1111-1111-1111-000000000001', 10, true)
ON CONFLICT DO NOTHING;

